{"cameraMode":{"drawMode":0,"name":"Shaded","section":"Shading Mode"},"sceneLighting":false,"audioPlay":false,"sceneViewState":{"showFog":true,"showMaterialUpdate":false,"showSkybox":false,"showFlares":true,"showImageEffects":true,"showParticleSystems":true},"in2DMode":false,"pivot":{"x":693.0590209960938,"y":170.0,"z":-1.6689420938491822},"rotation":{"x":-0.06923551857471466,"y":-0.02334481105208397,"z":0.0016205478459596634,"w":-0.9973258376121521},"size":2778.62646484375,"orthographic":false}