{"cameraMode":{"drawMode":0,"name":"Shaded","section":"Shading Mode"},"sceneLighting":false,"audioPlay":false,"sceneViewState":{"showFog":true,"showMaterialUpdate":false,"showSkybox":false,"showFlares":true,"showImageEffects":true,"showParticleSystems":true},"in2DMode":false,"pivot":{"x":309.05487060546877,"y":89.74851989746094,"z":-664.5905151367188},"rotation":{"x":0.08862598240375519,"y":-0.22887519001960755,"z":-0.020929263904690744,"w":-0.9691870808601379},"size":2.6027019023895265,"orthographic":false}