{"cameraMode":{"drawMode":0,"name":"Shaded","section":"Shading Mode"},"sceneLighting":false,"audioPlay":false,"sceneViewState":{"showFog":true,"showMaterialUpdate":false,"showSkybox":false,"showFlares":true,"showImageEffects":true,"showParticleSystems":true},"in2DMode":false,"pivot":{"x":758.8624877929688,"y":109.31668853759766,"z":-376.6119079589844},"rotation":{"x":-0.06923551857471466,"y":-0.02334481105208397,"z":0.0016205478459596634,"w":-0.9973258376121521},"size":2897.475341796875,"orthographic":false}