{"cameraMode":{"drawMode":0,"name":"Shaded","section":"Shading Mode"},"sceneLighting":false,"audioPlay":false,"sceneViewState":{"showFog":true,"showMaterialUpdate":false,"showSkybox":false,"showFlares":true,"showImageEffects":true,"showParticleSystems":true},"in2DMode":false,"pivot":{"x":707.5661010742188,"y":317.9999694824219,"z":-1.713108777999878},"rotation":{"x":-0.11714067310094834,"y":-0.33582353591918948,"z":0.042133528739213946,"w":-0.9336624145507813},"size":2625.940185546875,"orthographic":false}