{"cameraMode":{"drawMode":0,"name":"Shaded","section":"Shading Mode"},"sceneLighting":true,"audioPlay":false,"sceneViewState":{"showFog":true,"showMaterialUpdate":false,"showSkybox":true,"showFlares":true,"showImageEffects":true,"showParticleSystems":true},"in2DMode":false,"pivot":{"x":393.58026123046877,"y":176.80006408691407,"z":11.016250610351563},"rotation":{"x":-0.1689809113740921,"y":-0.013579095713794232,"z":0.0023282046895474197,"w":-0.9855231046676636},"size":716.0377807617188,"orthographic":false}