{"cameraMode":{"drawMode":0,"name":"Shaded","section":"Shading Mode"},"sceneLighting":true,"audioPlay":false,"sceneViewState":{"showFog":true,"showMaterialUpdate":false,"showSkybox":true,"showFlares":true,"showImageEffects":true,"showParticleSystems":true},"in2DMode":false,"pivot":{"x":161.08277893066407,"y":-4.613872528076172,"z":9.689513206481934},"rotation":{"x":0.17446336150169373,"y":0.3499201238155365,"z":-0.06650255620479584,"w":0.9179847240447998},"size":28.10878562927246,"orthographic":false}