{"cameraMode":{"drawMode":0,"name":"Shaded","section":"Shading Mode"},"sceneLighting":true,"audioPlay":false,"sceneViewState":{"showFog":true,"showMaterialUpdate":false,"showSkybox":true,"showFlares":true,"showImageEffects":true,"showParticleSystems":true},"in2DMode":false,"pivot":{"x":-0.6235500574111939,"y":4.13588809967041,"z":-14.578442573547364},"rotation":{"x":-0.055636655539274219,"y":-0.07210487127304077,"z":0.004029874689877033,"w":-0.9958359599113464},"size":3.4983720779418947,"orthographic":false}