{"cameraMode":{"drawMode":0,"name":"Shaded","section":"Shading Mode"},"sceneLighting":true,"audioPlay":false,"sceneViewState":{"showFog":true,"showMaterialUpdate":false,"showSkybox":true,"showFlares":true,"showImageEffects":true,"showParticleSystems":true},"in2DMode":false,"pivot":{"x":4.956582069396973,"y":2.1578569412231447,"z":-2.2447919845581056},"rotation":{"x":0.02352873422205448,"y":-0.11610768735408783,"z":-0.0027509641367942096,"w":-0.9929541349411011},"size":14.69128131866455,"orthographic":false}