{"cameraMode":{"drawMode":0,"name":"Shaded","section":"Shading Mode"},"sceneLighting":true,"audioPlay":false,"sceneViewState":{"showFog":true,"showMaterialUpdate":false,"showSkybox":true,"showFlares":true,"showImageEffects":true,"showParticleSystems":true},"in2DMode":false,"pivot":{"x":8.273313522338868,"y":2.462045192718506,"z":-4.454219818115234},"rotation":{"x":-0.022314224392175676,"y":-0.20694352686405183,"z":0.0047222631983459,"w":-0.9780870079994202},"size":3.4578845500946047,"orthographic":false}