{"cameraMode":{"drawMode":0,"name":"Shaded","section":"Shading Mode"},"sceneLighting":true,"audioPlay":false,"sceneViewState":{"showFog":true,"showMaterialUpdate":false,"showSkybox":true,"showFlares":true,"showImageEffects":true,"showParticleSystems":true},"in2DMode":false,"pivot":{"x":0.8947941660881043,"y":1.8765532970428467,"z":-2.3928163051605226},"rotation":{"x":-0.13989892601966859,"y":-0.026435712352395059,"z":0.0037375029642134907,"w":-0.9898058176040649},"size":1195.2239990234375,"orthographic":false}