{"cameraMode":{"drawMode":0,"name":"Shaded","section":"Shading Mode"},"sceneLighting":true,"audioPlay":false,"sceneViewState":{"showFog":true,"showMaterialUpdate":false,"showSkybox":true,"showFlares":true,"showImageEffects":true,"showParticleSystems":true},"in2DMode":false,"pivot":{"x":10.0,"y":2.010000705718994,"z":-1.9000000953674317},"rotation":{"x":-0.022314224392175676,"y":-0.20694352686405183,"z":0.0047222631983459,"w":-0.9780870079994202},"size":11.431538581848145,"orthographic":false}