{"cameraMode":{"drawMode":0,"name":"Shaded","section":"Shading Mode"},"sceneLighting":false,"audioPlay":false,"sceneViewState":{"showFog":true,"showMaterialUpdate":false,"showSkybox":false,"showFlares":true,"showImageEffects":true,"showParticleSystems":true},"in2DMode":false,"pivot":{"x":3.950000047683716,"y":0.5099999904632568,"z":-1.8999998569488526},"rotation":{"x":0.022802751511335374,"y":-0.02159031666815281,"z":0.0004922135267406702,"w":0.9995067715644836},"size":22.0,"orthographic":false}