{"cameraMode":{"drawMode":0,"name":"Shaded","section":"Shading Mode"},"sceneLighting":true,"audioPlay":false,"sceneViewState":{"showFog":true,"showMaterialUpdate":false,"showSkybox":true,"showFlares":true,"showImageEffects":true,"showParticleSystems":true},"in2DMode":false,"pivot":{"x":46.96501922607422,"y":123.87076568603516,"z":-976.783447265625},"rotation":{"x":-0.010157037526369095,"y":0.08090280741453171,"z":0.0008245795615948737,"w":0.9966699481010437},"size":4.023813724517822,"orthographic":false}