{"cameraMode":{"drawMode":0,"name":"Shaded","section":"Shading Mode"},"sceneLighting":true,"audioPlay":false,"sceneViewState":{"showFog":true,"showMaterialUpdate":false,"showSkybox":true,"showFlares":true,"showImageEffects":true,"showParticleSystems":true},"in2DMode":false,"pivot":{"x":47.13088607788086,"y":123.85779571533203,"z":-976.8135375976563},"rotation":{"x":-0.008646639995276928,"y":0.10032276064157486,"z":0.0008719699690118432,"w":0.9949170351028442},"size":4.3238139152526859,"orthographic":false}