{"cameraMode":{"drawMode":0,"name":"Shaded","section":"Shading Mode"},"sceneLighting":true,"audioPlay":false,"sceneViewState":{"showFog":true,"showMaterialUpdate":false,"showSkybox":true,"showFlares":true,"showImageEffects":true,"showParticleSystems":true},"in2DMode":false,"pivot":{"x":-131.82872009277345,"y":-3.2594664096832277,"z":51.39961624145508},"rotation":{"x":0.03743820637464523,"y":-0.30387553572654726,"z":0.011951440945267678,"w":0.951900839805603},"size":69.73988342285156,"orthographic":false}