{"cameraMode":{"drawMode":0,"name":"Shaded","section":"Shading Mode"},"sceneLighting":true,"audioPlay":false,"sceneViewState":{"showFog":true,"showMaterialUpdate":false,"showSkybox":true,"showFlares":true,"showImageEffects":true,"showParticleSystems":true},"in2DMode":false,"pivot":{"x":-24.071041107177736,"y":4.3528523445129398,"z":-22.766687393188478},"rotation":{"x":0.012108074501156807,"y":-0.6118630766868591,"z":0.009368198923766613,"w":0.790815532207489},"size":10.0,"orthographic":false}