{"cameraMode":{"drawMode":0,"name":"Shaded","section":"Shading Mode"},"sceneLighting":true,"audioPlay":false,"sceneViewState":{"showFog":true,"showMaterialUpdate":false,"showSkybox":true,"showFlares":true,"showImageEffects":true,"showParticleSystems":true},"in2DMode":false,"pivot":{"x":383.2170104980469,"y":142.95208740234376,"z":253.57583618164063},"rotation":{"x":0.004185113124549389,"y":-0.050381023436784747,"z":-0.00021094438852742314,"w":-0.9987213611602783},"size":1252.9779052734375,"orthographic":false}