{"cameraMode":{"drawMode":0,"name":"Shaded","section":"Shading Mode"},"sceneLighting":false,"audioPlay":false,"sceneViewState":{"showFog":true,"showMaterialUpdate":false,"showSkybox":false,"showFlares":true,"showImageEffects":true,"showParticleSystems":true},"in2DMode":false,"pivot":{"x":-4.953400135040283,"y":1.4200000762939454,"z":-2.299999952316284},"rotation":{"x":-0.025791777297854425,"y":-0.9699711799621582,"z":0.11873973906040192,"w":-0.21069328486919404},"size":3.9346189498901369,"orthographic":false}