{"cameraMode":{"drawMode":0,"name":"Shaded","section":"Shading Mode"},"sceneLighting":false,"audioPlay":false,"sceneViewState":{"showFog":true,"showMaterialUpdate":false,"showSkybox":false,"showFlares":true,"showImageEffects":true,"showParticleSystems":true},"in2DMode":false,"pivot":{"x":272.3592834472656,"y":131.00146484375,"z":-987.3035888671875},"rotation":{"x":-0.05066993087530136,"y":-0.7371191382408142,"z":0.05561812222003937,"w":-0.6715613603591919},"size":12.843353271484375,"orthographic":false}