{"cameraMode":{"drawMode":0,"name":"Shaded","section":"Shading Mode"},"sceneLighting":false,"audioPlay":false,"sceneViewState":{"showFog":true,"showMaterialUpdate":false,"showSkybox":false,"showFlares":true,"showImageEffects":true,"showParticleSystems":true},"in2DMode":false,"pivot":{"x":551.2395629882813,"y":254.5255584716797,"z":-604.8526611328125},"rotation":{"x":0.004185113124549389,"y":-0.050381023436784747,"z":-0.00021094438852742314,"w":-0.9987213611602783},"size":5.418013095855713,"orthographic":false}