{"cameraMode":{"drawMode":0,"name":"Shaded","section":"Shading Mode"},"sceneLighting":false,"audioPlay":false,"sceneViewState":{"showFog":true,"showMaterialUpdate":false,"showSkybox":false,"showFlares":true,"showImageEffects":true,"showParticleSystems":true},"in2DMode":false,"pivot":{"x":563.9163208007813,"y":103.43099975585938,"z":-508.0030822753906},"rotation":{"x":0.004185113124549389,"y":-0.050381023436784747,"z":-0.00021094438852742314,"w":-0.9987213611602783},"size":3299.814208984375,"orthographic":false}