{"cameraMode":{"drawMode":0,"name":"Shaded","section":"Shading Mode"},"sceneLighting":false,"audioPlay":false,"sceneViewState":{"showFog":true,"showMaterialUpdate":false,"showSkybox":false,"showFlares":true,"showImageEffects":true,"showParticleSystems":true},"in2DMode":false,"pivot":{"x":650.1826171875,"y":202.39820861816407,"z":-579.1489868164063},"rotation":{"x":-0.025791777297854425,"y":-0.9699711799621582,"z":0.11873973906040192,"w":-0.21069328486919404},"size":5.120123386383057,"orthographic":false}