{"cameraMode":{"drawMode":0,"name":"Shaded","section":"Shading Mode"},"sceneLighting":true,"audioPlay":false,"sceneViewState":{"showFog":true,"showMaterialUpdate":false,"showSkybox":true,"showFlares":true,"showImageEffects":true,"showParticleSystems":true},"in2DMode":false,"pivot":{"x":0.47762370109558108,"y":2.7697229385375978,"z":3.0240097045898439},"rotation":{"x":0.03891994431614876,"y":0.05991853028535843,"z":-0.002337993821129203,"w":0.9974415302276611},"size":17.830097198486329,"orthographic":false}