{"cameraMode":{"drawMode":0,"name":"Shaded","section":"Shading Mode"},"sceneLighting":true,"audioPlay":false,"sceneViewState":{"showFog":true,"showMaterialUpdate":false,"showSkybox":true,"showFlares":true,"showImageEffects":true,"showParticleSystems":true},"in2DMode":false,"pivot":{"x":77.95482635498047,"y":42.81238555908203,"z":-71.92549133300781},"rotation":{"x":-0.04978899285197258,"y":-0.003897743998095393,"z":0.0001944050018209964,"w":-0.9987521767616272},"size":453.6819152832031,"orthographic":false}