{"cameraMode":{"drawMode":0,"name":"Shaded","section":"Shading Mode"},"sceneLighting":true,"audioPlay":false,"sceneViewState":{"showFog":true,"showMaterialUpdate":false,"showSkybox":true,"showFlares":true,"showImageEffects":true,"showParticleSystems":true},"in2DMode":false,"pivot":{"x":148.07882690429688,"y":6.023816108703613,"z":367.77764892578127},"rotation":{"x":-0.09304128587245941,"y":-0.05314525589346886,"z":0.004973318427801132,"w":-0.9942304491996765},"size":784.6385498046875,"orthographic":false}