{"cameraMode":{"drawMode":0,"name":"Shaded","section":"Shading Mode"},"sceneLighting":false,"audioPlay":false,"sceneViewState":{"showFog":true,"showMaterialUpdate":false,"showSkybox":false,"showFlares":true,"showImageEffects":true,"showParticleSystems":true},"in2DMode":false,"pivot":{"x":111.32261657714844,"y":203.48228454589845,"z":-1011.0867309570313},"rotation":{"x":0.0795942097902298,"y":0.05709702521562576,"z":-0.004567958414554596,"w":0.9951803088188171},"size":2.9611685276031496,"orthographic":false}