{"cameraMode":{"drawMode":0,"name":"Shaded","section":"Shading Mode"},"sceneLighting":false,"audioPlay":false,"sceneViewState":{"showFog":true,"showMaterialUpdate":false,"showSkybox":false,"showFlares":true,"showImageEffects":true,"showParticleSystems":true},"in2DMode":false,"pivot":{"x":0.052039921283721927,"y":-0.024150043725967408,"z":0.33078229427337649},"rotation":{"x":-0.006457196548581123,"y":0.9916145205497742,"z":-0.11686238646507263,"w":-0.05479194223880768},"size":2.9438772201538088,"orthographic":false}