{"cameraMode":{"drawMode":0,"name":"Shaded","section":"Shading Mode"},"sceneLighting":false,"audioPlay":false,"sceneViewState":{"showFog":true,"showMaterialUpdate":false,"showSkybox":false,"showFlares":true,"showImageEffects":true,"showParticleSystems":true},"in2DMode":false,"pivot":{"x":-0.3666953146457672,"y":0.9743477702140808,"z":0.780764639377594},"rotation":{"x":-0.033935464918613437,"y":0.9599776864051819,"z":-0.1336272656917572,"w":-0.24379292130470277},"size":7.8217854499816898,"orthographic":false}