{"cameraMode":{"drawMode":0,"name":"Shaded","section":"Shading Mode"},"sceneLighting":true,"audioPlay":false,"sceneViewState":{"showFog":true,"showMaterialUpdate":false,"showSkybox":true,"showFlares":true,"showImageEffects":true,"showParticleSystems":true},"in2DMode":false,"pivot":{"x":-3.8611533641815187,"y":-0.787380576133728,"z":-1.3074510097503663},"rotation":{"x":-0.2233562171459198,"y":0.1128699854016304,"z":-0.026048175990581514,"w":-0.9678294658660889},"size":10.0,"orthographic":false}