{"cameraMode":{"drawMode":0,"name":"Shaded","section":"Shading Mode"},"sceneLighting":false,"audioPlay":false,"sceneViewState":{"showFog":true,"showMaterialUpdate":false,"showSkybox":false,"showFlares":true,"showImageEffects":true,"showParticleSystems":true},"in2DMode":false,"pivot":{"x":-0.3666953146457672,"y":0.9743477702140808,"z":0.780764639377594},"rotation":{"x":-0.006457196548581123,"y":0.9916145205497742,"z":-0.11686238646507263,"w":-0.05479194223880768},"size":3.486860990524292,"orthographic":false}