{"cameraMode":{"drawMode":0,"name":"Shaded","section":"Shading Mode"},"sceneLighting":false,"audioPlay":false,"sceneViewState":{"showFog":true,"showMaterialUpdate":false,"showSkybox":false,"showFlares":true,"showImageEffects":true,"showParticleSystems":true},"in2DMode":false,"pivot":{"x":111.32240295410156,"y":203.4822998046875,"z":-1011.08740234375},"rotation":{"x":0.0795942097902298,"y":0.05709702521562576,"z":-0.004567958414554596,"w":0.9951803088188171},"size":2.659947633743286,"orthographic":false}