{"cameraMode":{"drawMode":0,"name":"Shaded","section":"Shading Mode"},"sceneLighting":true,"audioPlay":false,"sceneViewState":{"showFog":true,"showMaterialUpdate":false,"showSkybox":true,"showFlares":true,"showImageEffects":true,"showParticleSystems":true},"in2DMode":false,"pivot":{"x":208.56588745117188,"y":198.0284423828125,"z":-229.66928100585938},"rotation":{"x":0.0001758931903168559,"y":0.995218813419342,"z":-0.09765353053808212,"w":0.001792247872799635},"size":1104.958740234375,"orthographic":false}