{"cameraMode":{"drawMode":0,"name":"Shaded","section":"Shading Mode"},"sceneLighting":true,"audioPlay":false,"sceneViewState":{"showFog":true,"showMaterialUpdate":false,"showSkybox":true,"showFlares":true,"showImageEffects":true,"showParticleSystems":true},"in2DMode":false,"pivot":{"x":10.96474838256836,"y":4.653805732727051,"z":-0.3831367492675781},"rotation":{"x":0.09165095537900925,"y":0.025385085493326188,"z":-0.0023372434079647066,"w":0.9954648613929749},"size":37.454097747802737,"orthographic":false}