{"cameraMode":{"drawMode":0,"name":"Shaded","section":"Shading Mode"},"sceneLighting":true,"audioPlay":false,"sceneViewState":{"showFog":true,"showMaterialUpdate":false,"showSkybox":true,"showFlares":true,"showImageEffects":true,"showParticleSystems":true},"in2DMode":false,"pivot":{"x":5.691498756408691,"y":2.0738911628723146,"z":4.089066982269287},"rotation":{"x":-0.11813182383775711,"y":0.17538797855377198,"z":-0.021203316748142244,"w":-0.9771562814712524},"size":24.960956573486329,"orthographic":false}