{"cameraMode":{"drawMode":0,"name":"Shaded","section":"Shading Mode"},"sceneLighting":false,"audioPlay":false,"sceneViewState":{"showFog":true,"showMaterialUpdate":false,"showSkybox":false,"showFlares":true,"showImageEffects":true,"showParticleSystems":true},"in2DMode":false,"pivot":{"x":915.2387084960938,"y":248.99371337890626,"z":-1531.1903076171875},"rotation":{"x":0.01080613024532795,"y":0.02399289980530739,"z":-0.0002604330366011709,"w":0.999653697013855},"size":156.58290100097657,"orthographic":false}