{"cameraMode":{"drawMode":0,"name":"Shaded","section":"Shading Mode"},"sceneLighting":true,"audioPlay":false,"sceneViewState":{"showFog":true,"showMaterialUpdate":false,"showSkybox":true,"showFlares":true,"showImageEffects":true,"showParticleSystems":true},"in2DMode":false,"pivot":{"x":-37.500125885009769,"y":23.699996948242189,"z":0.000005364418029785156},"rotation":{"x":0.2368789166212082,"y":0.25156548619270327,"z":-0.06364906579256058,"w":0.9362435936927795},"size":134.6793212890625,"orthographic":false}