{"cameraMode":{"drawMode":0,"name":"Shaded","section":"Shading Mode"},"sceneLighting":true,"audioPlay":false,"sceneViewState":{"showFog":true,"showMaterialUpdate":false,"showSkybox":true,"showFlares":true,"showImageEffects":true,"showParticleSystems":true},"in2DMode":false,"pivot":{"x":8.540115356445313,"y":3.886467456817627,"z":-10.922467231750489},"rotation":{"x":0.06317531317472458,"y":0.05386316403746605,"z":-0.003414783626794815,"w":0.9965420365333557},"size":2.501192331314087,"orthographic":false}