{"cameraMode":{"drawMode":0,"name":"Shaded","section":"Shading Mode"},"sceneLighting":true,"audioPlay":false,"sceneViewState":{"showFog":true,"showMaterialUpdate":false,"showSkybox":true,"showFlares":true,"showImageEffects":true,"showParticleSystems":true},"in2DMode":false,"pivot":{"x":7.672826766967773,"y":3.7677810192108156,"z":-11.00018310546875},"rotation":{"x":0.08654011785984039,"y":-0.12222521007061005,"z":0.010698506608605385,"w":0.988664448261261},"size":2.501192331314087,"orthographic":false}