{"cameraMode":{"drawMode":0,"name":"Shaded","section":"Shading Mode"},"sceneLighting":false,"audioPlay":false,"sceneViewState":{"showFog":true,"showMaterialUpdate":false,"showSkybox":false,"showFlares":true,"showImageEffects":true,"showParticleSystems":true},"in2DMode":false,"pivot":{"x":227.5660858154297,"y":106.465087890625,"z":-1.713108777999878},"rotation":{"x":0.01080613024532795,"y":0.02399289980530739,"z":-0.0002604330366011709,"w":0.999653697013855},"size":1957.854736328125,"orthographic":false}