{"cameraMode":{"drawMode":0,"name":"Shaded","section":"Shading Mode"},"sceneLighting":true,"audioPlay":false,"sceneViewState":{"showFog":true,"showMaterialUpdate":false,"showSkybox":true,"showFlares":true,"showImageEffects":true,"showParticleSystems":true},"in2DMode":false,"pivot":{"x":4.767098426818848,"y":3.7196404933929445,"z":-2.7611162662506105},"rotation":{"x":-0.0020773436408489944,"y":0.635375440120697,"z":0.001709071802906692,"w":0.7721987366676331},"size":8.835626602172852,"orthographic":false}