{"cameraMode":{"drawMode":0,"name":"Shaded","section":"Shading Mode"},"sceneLighting":true,"audioPlay":false,"sceneViewState":{"showFog":true,"showMaterialUpdate":false,"showSkybox":true,"showFlares":true,"showImageEffects":true,"showParticleSystems":true},"in2DMode":false,"pivot":{"x":245.61572265625,"y":141.30201721191407,"z":157.86810302734376},"rotation":{"x":-0.06325636804103852,"y":0.018558857962489129,"z":-0.0011764252558350564,"w":-0.9978241324424744},"size":606.7589111328125,"orthographic":false}