{"cameraMode":{"drawMode":0,"name":"Shaded","section":"Shading Mode"},"sceneLighting":false,"audioPlay":false,"sceneViewState":{"showFog":true,"showMaterialUpdate":false,"showSkybox":false,"showFlares":true,"showImageEffects":true,"showParticleSystems":true},"in2DMode":false,"pivot":{"x":10.0,"y":1.873525619506836,"z":-1.9000053405761719},"rotation":{"x":-0.06325636804103852,"y":0.018558857962489129,"z":-0.0011764252558350564,"w":-0.9978241324424744},"size":7.070768356323242,"orthographic":false}