{"cameraMode":{"drawMode":0,"name":"Shaded","section":"Shading Mode"},"sceneLighting":true,"audioPlay":false,"sceneViewState":{"showFog":true,"showMaterialUpdate":false,"showSkybox":true,"showFlares":true,"showImageEffects":true,"showParticleSystems":true},"in2DMode":false,"pivot":{"x":432.7230224609375,"y":470.01495361328127,"z":-312.7182922363281},"rotation":{"x":-0.09993229061365128,"y":-0.08972351998090744,"z":0.009048973210155964,"w":-0.9908992648124695},"size":413.4398498535156,"orthographic":false}