{"cameraMode":{"drawMode":0,"name":"Shaded","section":"Shading Mode"},"sceneLighting":false,"audioPlay":false,"sceneViewState":{"showFog":true,"showMaterialUpdate":false,"showSkybox":false,"showFlares":true,"showImageEffects":true,"showParticleSystems":true},"in2DMode":false,"pivot":{"x":710.8623046875,"y":59.994384765625,"z":-316.03973388671877},"rotation":{"x":0.007854674942791462,"y":-0.9909369945526123,"z":0.06700017303228378,"w":0.11616015434265137},"size":2665.24365234375,"orthographic":false}