{"cameraMode":{"drawMode":0,"name":"Shaded","section":"Shading Mode"},"sceneLighting":true,"audioPlay":false,"sceneViewState":{"showFog":true,"showMaterialUpdate":false,"showSkybox":true,"showFlares":true,"showImageEffects":true,"showParticleSystems":true},"in2DMode":false,"pivot":{"x":739.6203002929688,"y":96.41938781738281,"z":-4.943723678588867},"rotation":{"x":-0.06744368374347687,"y":-0.021251188591122628,"z":0.0014372000005096198,"w":-0.9974957704544067},"size":932.8944702148438,"orthographic":false}